0,1570563372037,1570563427937,WRCP9ZWHSUOTBSOWDJQPEIBZGXVZPIVXGVXWJESAZCVWUZDBSOJYBNJBZBHTTJWZOKXB9FKASDRJVQFAZ
1,1570563427938,1570563520648,XELQBDAMSVRFU9XBKSWPJBLVTYYTQHTLJKLLG9XZKUPLREAVUQPACUNTMVVRUPOOCMTOEXOXNDOIHRROQ
2,1570563520648,1570563576732,YOBFNHJRXSJMQVTMGUWBXDVDBAUDLLDHLEYFWBXARQRPZOZWVMDWUPBUY9IBEQSY9EFNVJBJILZDGYRTQ
3,1570563576733,1570563621470,ITVHECDJBRPHKOCMICZEMDV9NYIBPQLSBPH9CV9JMGVRT9SHYIZIK9DJHVOHYHXUCEYIYQHESNTIKUICM
4,1570563621471,1570563706493,OKDXYOBAFWI9SKJGZL9KOZPFIUJVYRTEKMJFCPFZMJUEJ9IOBJDRTOQHTMXPUQZIBVIJEOFSDDILKKXLZ
5,1570563706493,1570563763094,QCRILNSE9PLEXRCNSKZPFSJQLOQYAZJFSDHXOWDDKVWDSBYFKHJXIDJWBIOGZIJV9STNEVW9MWBMSVFEP
6,1570563763095,1570563798171,LAURHWJXSMBEOPRTZZ9KSVOZMMGDLIOLOFLMGGVKIPQXPJSNTBUGSOPTOLPIMFKSRYNFGGBKCHEPRTCQR
7,1570563798171,1570563881712,AO9GHQVACESACHFAZOQRMYBS9BCIYJXGB9BRWVXPOUPCISQCNYYDTQURCWY9SKHETQJHVYALIAFLRPDHC
8,1570563881712,1570563954864,XYAJDTRZZ9EBBJVVIFYWHISZTUQERSODSPLQHKGDCXJOHCKRRELTALEQSRYTMREUJHPDDTVHTQSSJCJOY
9,1570563954864,1570564038243,ISLFNCQHAEWKKIBJERYYKBDLORFSKIZGFNSVIBNEPHFJUAADTVHPROVTOUSQFJT9TFUI9GR9Q9RNJJXXP
10,1570564038244,1570564143901,VLLTWYHOZHWIPSOVVJGCOJXOYBDD9GWMEOUTRT9BYSMJOFUWNRPVXIJPCNUIGYGEXLXP9ZIHJXNQTEGLM
11,1570564143902,1570564205118,WIJRHZROUI9IDOI9NZPEVLDCDJWVGIN9NBPEOSBXOCNVLYLOOXVTFTHFWSANKODJJQBZTWALPDKXQWQXW
12,1570564205118,1570564337859,CCUTYFKLTEZVSHQPIVUDDSPJLJ9JTESMHVUBDCWRIOZYEPDHKJP9WDGYDDTWVAMEICGDU9BHHUHIRDTTK
13,1570564337860,1570564448435,DRSWTEJZKOGDYGBWLJFNHGUVAPUSKYHIFYLWHEWJIKDJ99OX9K9PDBQBELUBEKYLGFRJAFOPYNNFMIYEY
14,1570564448435,1570564518542,EOVJTARFIZV9GMKIIVBTJTIWUILBCABXDKATUDMSUGPWWOWVLHJDVGYBRIZBMTLACEFKKDMTZPWSLWAIP
15,1570564518542,1570564586659,JQQUEPUFN9XMNIJHPQQQCYTQSSERYD9ZRVDR9ELHKOWXDCCWSR9NZXVUYQZ9FTXTNJJTC9KKITENYXRTD
16,1570564586659,1570564715516,QDQCQHSH9HMURGZAX9VR9AJCRLALESMNIFRSOFRLZCWVEOXGTBAXS9RHOFP9RCGOQCSMGJYAMTXOHOHIX
17,1570564715516,1570564805906,VKKXYUSZFLAVHW9LBVLXDIZUVKGQYDPPFVVRZOYQIOWLJVVASKRHLKSFYFRAOJNGALAYAWSQHTBBPKUOE
18,1570564805906,1570564899980,GLMKWRWCARBTOQVLACOZLACFORLYTULSGHPTSYCTPRTK9UC99KFJCMRYIATTYMWXOEWYOKCEKOKASFIIH
19,1570564899981,1570565001300,99DTWDNXI9JADCQCNIFSJFKAGWULHXHWKHETRPDOPCCD9JXLKPA9CJCVJJFJLEQOSBRRRLVXTZRCUFWDT
20,1570565001300,1570565101422,XXDLCXUUWGRYRDTZKC9XNYDCWQAUCPEANHIJGONDVWEPAXMJDSMZXIFDWWHIMNSQPOXVKWMRSNYLQPDBY
21,1570565101422,1570565179188,RUKOZBPKUILTNMJSTHRMKWOTI9HNKK9MTSGKSLZJLXGTWYNQFRGOGAUPAFRECTKTXPZPKBDV9HQDZ9FXU
22,1570565179188,1570565313262,KNRF9WPITQWWSWCTUZWCILDVDLDOZGBDXFHCFNAETMPF9GRVONVWSHI9PTTEQRF9NMROJUM99NBNRBBVO
23,1570565313262,1570565428700,WLMXEWUBVBWTMZXAUJFWFKEC9LHARXUHDUQAIIRYDRVRCNDTQSBQOQBMLZADFACFVTFXIOQEZ9UWWOKEB
24,1570565428700,1570565538527,RG9IFFQKIWD9UXDRYRISHCHVWEREQZDHWRUBPNLTGU9VOMXTM9WCAPZLTGKORDEYANQDWLQSFCKONODXH
25,1570565538527,1570565703642,UZT9IVNIORXPZTOWFJGJJCCAJSOD9ACMWCAQGJMYNREPZ9A9VCT9HSOJLEFAXLTUIQFAQXEKQNHDQYT99
26,1570565703642,1570565821262,XPBFQKGQMWCZRTLLKEYLQQI9OCJHRPEKQWVPWDOTUH9JWTSNDIFXNNEFULDAWDZLTLWICRX9MUKZEMPZC
27,1570565821262,1570565893402,9ECCYPTAZQAHHQGUDSVPORCTOBPDAJLQFGBRXOMXMKWAHHRDBLMIWADW9DLQDNLYFOBUPGCIMXOXATJ9U
28,1570565893402,1570565953697,KLMDLMZFJJINYRRGPWFELRRLAZIZNDWQPLQUCDGTCTFFGFFHHJRDCUNALBNXJBU9QCLDAEDKQINVHFZQM
29,1570565953697,1570566058353,RRNHDXXAZNRCPQLKXPCGARANSNZGPSDLXTHQW99MEAPOBQDUTXTXCGYNYAL9GGWZFOJFSSRSSKEMPSEXV
30,1570566058353,1570566118609,QMDTQGLEFGFMJHEKDJGCUMZOCZGIBQLEORLNGJZCKKNP9JAYXRYZUSXSBGGQEL9RLE9SXUWFYFVTUGVHW
31,1570566118610,1570566153457,TCYBUACEBOXHTBRIMVQODUC9KXNTTY9RJHXUJJYSCLGOJYKWWVSP9BHVOINXFRECTBCFKJSGBATTPMPKU
32,1570566153457,1570566241578,NFAYPRNJYWHLOAITRXIEJESNXOEJPWTUZJGZUZLOCPQTIKFDEBXWSCXFWJBDVCDAYAVOHCWJAKEFLYFIR
33,1570566241579,1570566306415,MNHWTFNKPRSADWDRXFGYNYRJPUMVNXJEXRMSXHGYJKVN9JTHVBYLLKFLIZXUZHFWZCANG9CSGRWWCYXVN
34,1570566306416,1570566398879,WQRQKOOXURJVAWGAVDKVODAVHTCYIZNOJTEGNQY9ZKJGXKTSZFMZLKXHSIJLGVUFQPRDRGTIANXSYGCYI
35,1570566398880,1570566519183,KPSP9BWCPKDBYCJSH9XDKGVQAUWCBPLEDE9VLDOVFRUVGZXGZPNSEIZBWHZKHKMNWPKOEOWNOA9ZFATIW
36,1570566519184,1570566600438,G9R9SIYDXLLV9QVOUUUP9MPDCVQCHHDGYRK9BJZKVQZNKWADQWPOTEAP9HPPYLJ9BQCTJ9DBQCUADTGWS
37,1570566600439,1570566675712,PCVHPN9Z9TXBEEDRPMUOQAWFYJLIBCDYBEJOSZPSSE9UCWQJSNVWVNHMNYLT9KUFAYXAASG9CXIYZZAVO
38,1570566675712,1570566763123,UDOTNESQAYNLTCEMDBVONSXTWLBBYTQLBBAECOPAI9AZJCAASMJUJLCI9PORAMIBIYUWWVBMPOCZQANWA
39,1570566763123,1570566875877,VWAYXWYYGTFNTNBZLSNKEHYVAGDWSRBIYCUMBMXDCDCCGDAQKBQMLUEIPJKZOSTYPQJRXYSMXWUTQBONG
40,1570566875877,1570566997843,MEOINKCWTQIWEBOANGNLAYSC9DHLILHKNJUFBMVDZ9ATVXTKRRVVNKWEITGDIMJIRPHJQYFENYQJLVDXW
41,1570566997843,1570567065557,PYCBZZT9DABGGIAQCJJMXXYYJMMLADBBXRQWUQ9K9YWZQHTFUBDSASHBVCHCD9FWFHJFDRYRVUXLGJFZR
42,1570567065557,1570567129228,LUAFB9MW9MHWJTZEMKCRBHCPY9EECRACQSXPXZNJNUTQQG9VAVAAPQHPOWJZUVKIFFWPEPUUABHMCRNJX
43,1570567129228,1570567238541,LUCFPDNFFZGCOFQRQSBLMF9RXVULPU9HOSTEYKXSAW9EYTPMIHHYDZANRXERJIJVKKEVZLSGDFNMVHMAE
44,1570567238541,1570567428804,UJWFMZFKOZWTXZURNJBTSKOCF9XWIVYJQHEFHGU9OXHVGSHVKKSWHVPVWHHL9MYYMQWDUVZLUHPORUGUG
45,1570567428804,1570567485697,SAJJYJPMHECKVLPTCCFZ9PHZX9TPADRUUIPSYPWRLDMIRAMBSETGDN9CRUEJAARZKMVPHWYXWYQFSZITX
46,1570567485697,1570567570817,PMHIUWRFWYQQHSFIYNTTEZKHBQWHSL9IQGDAINYXEOEGXZITIAN9UTBOQBHCTLGXBATFPX9EMLRHQMCKT
47,1570567570818,1570567746962,KPXYHAFEQDAWWXHLCWKTGEQVINNRLV9YASQEHVAJ9UG9APHGAHJBECQNCQIUWZYSETVUXUSIPFEDFTUIU
48,1570567746962,1570567877012,OCKSBGYVZESEIBAJWIDAMCLDXICRLYXPZ9GPZRTAGOQENLZVIDNOCEOKXXMUVLGJUUGVBRECXNJN9VDIG
49,1570567877012,1570567964077,NCCSLSEVNKMPJGYBYXKZSYTBNPARPOHWFNSZYCOVXJYSYVYNDMNIRNBLWGJZAXGKLAKKNVSNEJGMDZNDM
50,1570567964077,1570568047805,DRKHK9MMIQVUPOCAUVVWZDEVMEHUEXHWOVN9MSL9XEB9YYWODPIWGNTRLKIZOJBRSHCFUKDPXEOWGZLUH
51,1570568047806,1570568156978,UEWTVUHSOJJYMSQAFUASCZBDBKKCQB9JLNGH99WR9OVQKULXATLJZLYXBJSOEXWUEAEQOFIVWEFMQPADS
52,1570568156978,1570568265770,FZDH9QGKANKUKKQMSSSJQGUQTULEG9DPIHFSLMO9CZRN9HD9YNM9MWVNNBWGVBWZKKGMYVWIPGEOZSCTF
53,1570568265770,1570568437556,ESDVGOTSNVSMQBQRKGMFGAOGWICORVDSDGBZOAQVLPRNZHQZEVAVKJWGOZPCFRBKVOZTRQDNXYXIDUWCT
